GRE bins,TOEFL bins,GPA bins,Accuracy,Balanced Accuracy,F1 Score,Model,Model Structure,Marginal Probabilities,Classification Report
3,5,10,0.94,0.7859848484848485,0.7000000000000001,Fully Connected BN with SMOTE,"[[""GRE Score_cat"", ""Admit""], [""TOEFL Score_cat"", ""Admit""], [""CGPA_cat"", ""Admit""], [""Research"", ""Admit""], [""SOP"", ""Admit""], [""LOR "", ""Admit""], [""University Rating"", ""Admit""]]","{""GRE Score_cat"": [0.12116925978312118, 0.3262611975483262, 0.5525695426685526], ""Admit"": [0.4967341703766644, 0.5032658296233357], ""TOEFL Score_cat"": [0.031117397454031116, 0.1371994342291372, 0.15841584158415842, 0.3352192362093352, 0.33804809052333806], ""CGPA_cat"": [0.013515637278013514, 0.04321860757504322, 0.07009272355807009, 0.09555241238409554, 0.09838126669809837, 0.08565142228508565, 0.203048876316203, 0.2214364293572214, 0.1691026245481691], ""Research"": [0.2454031117397454, 0.7545968882602546], ""SOP"": [0.005029074336005029, 0.029074336005029074, 0.04746188904604746, 0.07433600502907434, 0.09130913091309131, 0.10828225679710828, 0.2412384095552412, 0.24689611818324686, 0.15637278013515638], ""LOR "": [0.0022002200220022, 0.014930064435014928, 0.04887631620304887, 0.053119597674053116, 0.11676881973911676, 0.15212949866415212, 0.19456231337419452, 0.2129498664152129, 0.20446330347320443], ""University Rating"": [0.03818953323903819, 0.1371994342291372, 0.18953323903818953, 0.2913719943422914, 0.3437057991513437]}","{""0"": {""precision"": 0.9456521739130435, ""recall"": 0.9886363636363636, ""f1-score"": 0.9666666666666666, ""support"": 88.0}, ""1"": {""precision"": 0.875, ""recall"": 0.5833333333333334, ""f1-score"": 0.7000000000000001, ""support"": 12.0}, ""accuracy"": 0.94, ""macro avg"": {""precision"": 0.9103260869565217, ""recall"": 0.7859848484848485, ""f1-score"": 0.8333333333333333, ""support"": 100.0}, ""weighted avg"": {""precision"": 0.9371739130434783, ""recall"": 0.94, ""f1-score"": 0.9346666666666666, ""support"": 100.0}}"
3,5,5,0.95,0.8276515151515151,0.761904761904762,Fully Connected BN with SMOTE,"[[""GRE Score_cat"", ""Admit""], [""TOEFL Score_cat"", ""Admit""], [""CGPA_cat"", ""Admit""], [""Research"", ""Admit""], [""SOP"", ""Admit""], [""LOR "", ""Admit""], [""University Rating"", ""Admit""]]","{""GRE Score_cat"": [0.12116925978312118, 0.3290900518623291, 0.5497406883545498], ""Admit"": [0.4953429618532119, 0.5046570381467881], ""TOEFL Score_cat"": [0.031117397454031116, 0.1371994342291372, 0.15841584158415842, 0.31541725601131543, 0.3578500707213578], ""CGPA_cat"": [0.014144271570014143, 0.11315417256011315, 0.19377652050919378, 0.28005657708628007, 0.3988684582743989], ""Research"": [0.2454031117397454, 0.7545968882602546], ""SOP"": [0.005029074336005029, 0.029074336005029074, 0.04746188904604746, 0.07433600502907434, 0.09130913091309131, 0.10828225679710828, 0.24406726386924404, 0.23275184661323273, 0.1676881973911677], ""LOR "": [0.0022002200220022005, 0.014930064435014932, 0.048876316203048886, 0.05311959767405313, 0.11676881973911679, 0.15212949866415215, 0.18324689611818326, 0.21860757504321862, 0.21012101210121015], ""University Rating"": [0.03818953323903819, 0.1371994342291372, 0.18953323903818953, 0.31541725601131543, 0.31966053748231965]}","{""0"": {""precision"": 0.9560439560439561, ""recall"": 0.9886363636363636, ""f1-score"": 0.9720670391061453, ""support"": 88.0}, ""1"": {""precision"": 0.8888888888888888, ""recall"": 0.6666666666666666, ""f1-score"": 0.761904761904762, ""support"": 12.0}, ""accuracy"": 0.95, ""macro avg"": {""precision"": 0.9224664224664225, ""recall"": 0.8276515151515151, ""f1-score"": 0.8669859005054537, ""support"": 100.0}, ""weighted avg"": {""precision"": 0.9479853479853481, ""recall"": 0.95, ""f1-score"": 0.9468475658419793, ""support"": 100.0}}"
3,5,3,0.95,0.8996212121212122,0.8,Fully Connected BN with SMOTE,"[[""GRE Score_cat"", ""Admit""], [""TOEFL Score_cat"", ""Admit""], [""CGPA_cat"", ""Admit""], [""Research"", ""Admit""], [""SOP"", ""Admit""], [""LOR "", ""Admit""], [""University Rating"", ""Admit""]]","{""GRE Score_cat"": [0.12116925978312118, 0.3319189061763319, 0.5469118340405469], ""Admit"": [0.4983529868388444, 0.5016470131611556], ""TOEFL Score_cat"": [0.031117397454031116, 0.1371994342291372, 0.15841584158415842, 0.30975954738330974, 0.3635077793493635], ""CGPA_cat"": [0.06459217350306459, 0.31636020744931637, 0.6190476190476191], ""Research"": [0.2454031117397454, 0.7545968882602546], ""SOP"": [0.00502907433600503, 0.02907433600502908, 0.04746188904604747, 0.07433600502907435, 0.09130913091309133, 0.1082822567971083, 0.24123840955524126, 0.2256797108282257, 0.17758918749017763], ""LOR "": [0.0022002200220022, 0.014930064435014928, 0.04887631620304887, 0.053119597674053116, 0.11676881973911676, 0.1493006443501493, 0.19314788621719312, 0.20446330347320443, 0.21719314788621716], ""University Rating"": [0.03818953323903819, 0.1371994342291372, 0.18953323903818953, 0.3041018387553041, 0.33097595473833097]}","{""0"": {""precision"": 0.9770114942528736, ""recall"": 0.9659090909090909, ""f1-score"": 0.9714285714285714, ""support"": 88.0}, ""1"": {""precision"": 0.7692307692307693, ""recall"": 0.8333333333333334, ""f1-score"": 0.8, ""support"": 12.0}, ""accuracy"": 0.95, ""macro avg"": {""precision"": 0.8731211317418215, ""recall"": 0.8996212121212122, ""f1-score"": 0.8857142857142857, ""support"": 100.0}, ""weighted avg"": {""precision"": 0.9520778072502211, ""recall"": 0.95, ""f1-score"": 0.9508571428571428, ""support"": 100.0}}"
3,10,10,0.95,0.8276515151515151,0.761904761904762,Fully Connected BN with SMOTE,"[[""GRE Score_cat"", ""Admit""], [""TOEFL Score_cat"", ""Admit""], [""CGPA_cat"", ""Admit""], [""Research"", ""Admit""], [""SOP"", ""Admit""], [""LOR "", ""Admit""], [""University Rating"", ""Admit""]]","{""GRE Score_cat"": [0.12116925978312118, 0.3290900518623291, 0.5497406883545498], ""Admit"": [0.49549355597575484, 0.5045064440242452], ""TOEFL Score_cat"": [0.007779349363507779, 0.02333804809052334, 0.057284299858557285, 0.07991513437057991, 0.09971711456859972, 0.0586987270155587, 0.12942008486562942, 0.1789250353606789, 0.24823196605374823, 0.1166902404526167], ""CGPA_cat"": [0.013515637278013517, 0.04321860757504323, 0.0700927235580701, 0.09555241238409556, 0.0983812666980984, 0.08565142228508567, 0.19314788621719317, 0.27094137985227096, 0.12949866415212952], ""Research"": [0.2454031117397454, 0.7545968882602546], ""SOP"": [0.005029074336005029, 0.029074336005029074, 0.04746188904604746, 0.07433600502907434, 0.09130913091309131, 0.10828225679710828, 0.23840955524123839, 0.24406726386924404, 0.16203048876316203], ""LOR "": [0.0022002200220022005, 0.014930064435014932, 0.048876316203048886, 0.05311959767405313, 0.11676881973911679, 0.15212949866415215, 0.20022002200220024, 0.20163444915920165, 0.21012101210121015], ""University Rating"": [0.03818953323903819, 0.1371994342291372, 0.18953323903818953, 0.31966053748231965, 0.31541725601131543]}","{""0"": {""precision"": 0.9560439560439561, ""recall"": 0.9886363636363636, ""f1-score"": 0.9720670391061453, ""support"": 88.0}, ""1"": {""precision"": 0.8888888888888888, ""recall"": 0.6666666666666666, ""f1-score"": 0.761904761904762, ""support"": 12.0}, ""accuracy"": 0.95, ""macro avg"": {""precision"": 0.9224664224664225, ""recall"": 0.8276515151515151, ""f1-score"": 0.8669859005054537, ""support"": 100.0}, ""weighted avg"": {""precision"": 0.9479853479853481, ""recall"": 0.95, ""f1-score"": 0.9468475658419793, ""support"": 100.0}}"
3,10,5,0.94,0.821969696969697,0.7272727272727272,Fully Connected BN with SMOTE,"[[""GRE Score_cat"", ""Admit""], [""TOEFL Score_cat"", ""Admit""], [""CGPA_cat"", ""Admit""], [""Research"", ""Admit""], [""SOP"", ""Admit""], [""LOR "", ""Admit""], [""University Rating"", ""Admit""]]","{""GRE Score_cat"": [0.12116925978312118, 0.3248467703913248, 0.553983969825554], ""Admit"": [0.49597180732284063, 0.5040281926771594], ""TOEFL Score_cat"": [0.007779349363507779, 0.02333804809052334, 0.057284299858557285, 0.07991513437057991, 0.09971711456859972, 0.0586987270155587, 0.13083451202263083, 0.18741159830268742, 0.22135785007072137, 0.13366336633663367], ""CGPA_cat"": [0.014144271570014143, 0.11315417256011315, 0.19377652050919378, 0.28854314002828857, 0.39038189533239037], ""Research"": [0.2454031117397454, 0.7545968882602546], ""SOP"": [0.005029074336005029, 0.029074336005029074, 0.04746188904604746, 0.07433600502907434, 0.09130913091309131, 0.10828225679710828, 0.24406726386924404, 0.22992299229922988, 0.1705170517051705], ""LOR "": [0.0022002200220022, 0.014930064435014928, 0.04887631620304887, 0.053119597674053116, 0.11676881973911676, 0.15071507150715072, 0.20446330347320443, 0.20022002200220018, 0.20870658494420866], ""University Rating"": [0.03818953323903819, 0.1371994342291372, 0.18953323903818953, 0.32814710042432815, 0.3069306930693069]}","{""0"": {""precision"": 0.9555555555555556, ""recall"": 0.9772727272727273, ""f1-score"": 0.9662921348314608, ""support"": 88.0}, ""1"": {""precision"": 0.8, ""recall"": 0.6666666666666666, ""f1-score"": 0.7272727272727272, ""support"": 12.0}, ""accuracy"": 0.94, ""macro avg"": {""precision"": 0.8777777777777778, ""recall"": 0.821969696969697, ""f1-score"": 0.8467824310520939, ""support"": 100.0}, ""weighted avg"": {""precision"": 0.936888888888889, ""recall"": 0.94, ""f1-score"": 0.9376098059244129, ""support"": 100.0}}"
3,10,3,0.94,0.8579545454545454,0.75,Fully Connected BN with SMOTE,"[[""GRE Score_cat"", ""Admit""], [""TOEFL Score_cat"", ""Admit""], [""CGPA_cat"", ""Admit""], [""Research"", ""Admit""], [""SOP"", ""Admit""], [""LOR "", ""Admit""], [""University Rating"", ""Admit""]]","{""GRE Score_cat"": [0.12116925978312118, 0.3248467703913248, 0.553983969825554], ""Admit"": [0.49660227969051585, 0.503397720309484], ""TOEFL Score_cat"": [0.007779349363507779, 0.02333804809052334, 0.057284299858557285, 0.07991513437057991, 0.09971711456859972, 0.0586987270155587, 0.12942008486562942, 0.18175388967468176, 0.23125884016973125, 0.13083451202263083], ""CGPA_cat"": [0.06459217350306459, 0.31636020744931637, 0.6190476190476191], ""Research"": [0.2454031117397454, 0.7545968882602546], ""SOP"": [0.00502907433600503, 0.02907433600502908, 0.04746188904604747, 0.07433600502907435, 0.09130913091309133, 0.1082822567971083, 0.24123840955524126, 0.22992299229922994, 0.17334590601917338], ""LOR "": [0.0022002200220022005, 0.014930064435014932, 0.048876316203048886, 0.05311959767405313, 0.11676881973911679, 0.15354392582115356, 0.19456231337419458, 0.195976740531196, 0.22002200220022003], ""University Rating"": [0.03818953323903819, 0.1371994342291372, 0.18953323903818953, 0.31824611032531824, 0.31683168316831684]}","{""0"": {""precision"": 0.9659090909090909, ""recall"": 0.9659090909090909, ""f1-score"": 0.9659090909090909, ""support"": 88.0}, ""1"": {""precision"": 0.75, ""recall"": 0.75, ""f1-score"": 0.75, ""support"": 12.0}, ""accuracy"": 0.94, ""macro avg"": {""precision"": 0.8579545454545454, ""recall"": 0.8579545454545454, ""f1-score"": 0.8579545454545454, ""support"": 100.0}, ""weighted avg"": {""precision"": 0.94, ""recall"": 0.94, ""f1-score"": 0.94, ""support"": 100.0}}"
3,20,10,0.94,0.75,0.6666666666666666,Fully Connected BN with SMOTE,"[[""GRE Score_cat"", ""Admit""], [""TOEFL Score_cat"", ""Admit""], [""CGPA_cat"", ""Admit""], [""Research"", ""Admit""], [""SOP"", ""Admit""], [""LOR "", ""Admit""], [""University Rating"", ""Admit""]]","{""GRE Score_cat"": [0.12116925978312118, 0.33757661480433754, 0.5412541254125413], ""Admit"": [0.49708573829589875, 0.5029142617041013], ""TOEFL Score_cat"": [0.004596888260254597, 0.0031824611032531826, 0.013083451202263084, 0.010254596888260255, 0.028642149929278642, 0.028642149929278642, 0.022984441301272984, 0.05693069306930693, 0.028642149929278642, 0.07107496463932107, 0.03288543140028288, 0.025813295615275813, 0.07814710042432815, 0.05551626591230552, 0.10785007072135785, 0.05834512022630835, 0.06966053748231966, 0.17008486562942007, 0.07107496463932107, 0.06258840169731258], ""CGPA_cat"": [0.013515637278013514, 0.04321860757504322, 0.07009272355807009, 0.09555241238409554, 0.09838126669809837, 0.08565142228508565, 0.2129498664152129, 0.24548169102624545, 0.13515637278013515], ""Research"": [0.2454031117397454, 0.7545968882602546], ""SOP"": [0.00502907433600503, 0.02907433600502908, 0.04746188904604747, 0.07433600502907435, 0.09130913091309133, 0.1082822567971083, 0.24831054534024832, 0.2341662737702342, 0.16203048876316206], ""LOR "": [0.0022002200220022, 0.014930064435014928, 0.04887631620304887, 0.053119597674053116, 0.11676881973911676, 0.15212949866415212, 0.21436429357221432, 0.19314788621719312, 0.20446330347320443], ""University Rating"": [0.03818953323903819, 0.1371994342291372, 0.18953323903818953, 0.3408769448373409, 0.2942008486562942]}","{""0"": {""precision"": 0.9361702127659575, ""recall"": 1.0, ""f1-score"": 0.967032967032967, ""support"": 88.0}, ""1"": {""precision"": 1.0, ""recall"": 0.5, ""f1-score"": 0.6666666666666666, ""support"": 12.0}, ""accuracy"": 0.94, ""macro avg"": {""precision"": 0.9680851063829787, ""recall"": 0.75, ""f1-score"": 0.8168498168498168, ""support"": 100.0}, ""weighted avg"": {""precision"": 0.9438297872340425, ""recall"": 0.94, ""f1-score"": 0.930989010989011, ""support"": 100.0}}"
3,20,5,0.95,0.7916666666666667,0.7368421052631579,Fully Connected BN with SMOTE,"[[""GRE Score_cat"", ""Admit""], [""TOEFL Score_cat"", ""Admit""], [""CGPA_cat"", ""Admit""], [""Research"", ""Admit""], [""SOP"", ""Admit""], [""LOR "", ""Admit""], [""University Rating"", ""Admit""]]","{""GRE Score_cat"": [0.12116925978312118, 0.34606317774634604, 0.5327675624705328], ""Admit"": [0.4968501141502712, 0.5031498858497289], ""TOEFL Score_cat"": [0.004596888260254597, 0.0031824611032531826, 0.013083451202263084, 0.010254596888260255, 0.028642149929278642, 0.028642149929278642, 0.022984441301272984, 0.05693069306930693, 0.028642149929278642, 0.07107496463932107, 0.03288543140028288, 0.025813295615275813, 0.07814710042432815, 0.05834512022630835, 0.11209335219236209, 0.05268741159830269, 0.0739038189533239, 0.163012729844413, 0.0724893917963225, 0.06258840169731258], ""CGPA_cat"": [0.014144271570014143, 0.11315417256011315, 0.19377652050919378, 0.3012729844413013, 0.37765205091937765], ""Research"": [0.2454031117397454, 0.7545968882602546], ""SOP"": [0.00502907433600503, 0.02907433600502908, 0.04746188904604747, 0.07433600502907435, 0.09130913091309133, 0.1082822567971083, 0.2567971082822568, 0.22850856514222853, 0.15920163444915922], ""LOR "": [0.0022002200220022, 0.014930064435014928, 0.04887631620304887, 0.053119597674053116, 0.11676881973911676, 0.1493006443501493, 0.19314788621719312, 0.2115354392582115, 0.2101210121012101], ""University Rating"": [0.03818953323903819, 0.1371994342291372, 0.18953323903818953, 0.3422913719943423, 0.2927864214992928]}","{""0"": {""precision"": 0.946236559139785, ""recall"": 1.0, ""f1-score"": 0.9723756906077349, ""support"": 88.0}, ""1"": {""precision"": 1.0, ""recall"": 0.5833333333333334, ""f1-score"": 0.7368421052631579, ""support"": 12.0}, ""accuracy"": 0.95, ""macro avg"": {""precision"": 0.9731182795698925, ""recall"": 0.7916666666666667, ""f1-score"": 0.8546088979354464, ""support"": 100.0}, ""weighted avg"": {""precision"": 0.9526881720430108, ""recall"": 0.95, ""f1-score"": 0.9441116603663856, ""support"": 100.0}}"
3,20,3,0.96,0.8693181818181819,0.8181818181818182,Fully Connected BN with SMOTE,"[[""GRE Score_cat"", ""Admit""], [""TOEFL Score_cat"", ""Admit""], [""CGPA_cat"", ""Admit""], [""Research"", ""Admit""], [""SOP"", ""Admit""], [""LOR "", ""Admit""], [""University Rating"", ""Admit""]]","{""GRE Score_cat"": [0.12116925978312118, 0.3347477604903347, 0.5440829797265441], ""Admit"": [0.4958334103250365, 0.5041665896749634], ""TOEFL Score_cat"": [0.004596888260254597, 0.0031824611032531826, 0.013083451202263084, 0.010254596888260255, 0.028642149929278642, 0.028642149929278642, 0.022984441301272984, 0.05693069306930693, 0.028642149929278642, 0.07107496463932107, 0.03288543140028288, 0.025813295615275813, 0.07814710042432815, 0.05834512022630835, 0.11350777934936351, 0.04702970297029703, 0.08663366336633663, 0.15452616690240453, 0.0724893917963225, 0.06258840169731258], ""CGPA_cat"": [0.06459217350306459, 0.31636020744931637, 0.6190476190476191], ""Research"": [0.2454031117397454, 0.7545968882602546], ""SOP"": [0.00502907433600503, 0.02907433600502908, 0.04746188904604747, 0.07433600502907435, 0.09130913091309133, 0.1082822567971083, 0.24972497249724976, 0.23133741945623135, 0.16344491592016347], ""LOR "": [0.0022002200220022, 0.014930064435014928, 0.04887631620304887, 0.053119597674053116, 0.11676881973911676, 0.15354392582115353, 0.19314788621719312, 0.20587773063020584, 0.2115354392582115], ""University Rating"": [0.03818953323903819, 0.1371994342291372, 0.18953323903818953, 0.3521923620933522, 0.2828854314002829]}","{""0"": {""precision"": 0.9666666666666667, ""recall"": 0.9886363636363636, ""f1-score"": 0.9775280898876404, ""support"": 88.0}, ""1"": {""precision"": 0.9, ""recall"": 0.75, ""f1-score"": 0.8181818181818182, ""support"": 12.0}, ""accuracy"": 0.96, ""macro avg"": {""precision"": 0.9333333333333333, ""recall"": 0.8693181818181819, ""f1-score"": 0.8978549540347294, ""support"": 100.0}, ""weighted avg"": {""precision"": 0.9586666666666666, ""recall"": 0.96, ""f1-score"": 0.9584065372829417, ""support"": 100.0}}"
5,5,10,0.95,0.7916666666666667,0.7368421052631579,Fully Connected BN with SMOTE,"[[""GRE Score_cat"", ""Admit""], [""TOEFL Score_cat"", ""Admit""], [""CGPA_cat"", ""Admit""], [""Research"", ""Admit""], [""SOP"", ""Admit""], [""LOR "", ""Admit""], [""University Rating"", ""Admit""]]","{""GRE Score_cat"": [0.06506364922206506, 0.10608203677510608, 0.173974540311174, 0.31683168316831684, 0.33804809052333806], ""Admit"": [0.4964021934065739, 0.503597806593426], ""TOEFL Score_cat"": [0.031117397454031116, 0.1371994342291372, 0.15841584158415842, 0.32107496463932106, 0.3521923620933522], ""CGPA_cat"": [0.013515637278013514, 0.04321860757504322, 0.07009272355807009, 0.09555241238409554, 0.09838126669809837, 0.08565142228508565, 0.19173345906019168, 0.23416627377023413, 0.1676881973911677], ""Research"": [0.2454031117397454, 0.7545968882602546], ""SOP"": [0.00502907433600503, 0.02907433600502908, 0.04746188904604747, 0.07433600502907435, 0.09130913091309133, 0.1082822567971083, 0.24123840955524126, 0.2355807009272356, 0.16768819739116772], ""LOR "": [0.0022002200220022, 0.014930064435014928, 0.04887631620304887, 0.053119597674053116, 0.11676881973911676, 0.15071507150715072, 0.20446330347320443, 0.20587773063020584, 0.203048876316203], ""University Rating"": [0.03818953323903819, 0.1371994342291372, 0.18953323903818953, 0.31541725601131543, 0.31966053748231965]}","{""0"": {""precision"": 0.946236559139785, ""recall"": 1.0, ""f1-score"": 0.9723756906077349, ""support"": 88.0}, ""1"": {""precision"": 1.0, ""recall"": 0.5833333333333334, ""f1-score"": 0.7368421052631579, ""support"": 12.0}, ""accuracy"": 0.95, ""macro avg"": {""precision"": 0.9731182795698925, ""recall"": 0.7916666666666667, ""f1-score"": 0.8546088979354464, ""support"": 100.0}, ""weighted avg"": {""precision"": 0.9526881720430108, ""recall"": 0.95, ""f1-score"": 0.9441116603663856, ""support"": 100.0}}"
5,5,5,0.94,0.7859848484848485,0.7000000000000001,Fully Connected BN with SMOTE,"[[""GRE Score_cat"", ""Admit""], [""TOEFL Score_cat"", ""Admit""], [""CGPA_cat"", ""Admit""], [""Research"", ""Admit""], [""SOP"", ""Admit""], [""LOR "", ""Admit""], [""University Rating"", ""Admit""]]","{""GRE Score_cat"": [0.06506364922206506, 0.10608203677510608, 0.173974540311174, 0.31966053748231965, 0.3352192362093352], ""Admit"": [0.49493138523638736, 0.5050686147636125], ""TOEFL Score_cat"": [0.03111739745403112, 0.13719943422913722, 0.15841584158415845, 0.3267326732673268, 0.34653465346534656], ""CGPA_cat"": [0.014144271570014143, 0.11315417256011315, 0.19377652050919378, 0.28005657708628007, 0.3988684582743989], ""Research"": [0.2454031117397454, 0.7545968882602546], ""SOP"": [0.005029074336005029, 0.029074336005029074, 0.04746188904604746, 0.07433600502907434, 0.09130913091309131, 0.10828225679710828, 0.24548169102624545, 0.23275184661323273, 0.16627377023416628], ""LOR "": [0.0022002200220022, 0.014930064435014928, 0.04887631620304887, 0.053119597674053116, 0.11676881973911676, 0.15212949866415212, 0.179003614647179, 0.20870658494420866, 0.22426528367122422], ""University Rating"": [0.03818953323903819, 0.1371994342291372, 0.18953323903818953, 0.3069306930693069, 0.32814710042432815]}","{""0"": {""precision"": 0.9456521739130435, ""recall"": 0.9886363636363636, ""f1-score"": 0.9666666666666666, ""support"": 88.0}, ""1"": {""precision"": 0.875, ""recall"": 0.5833333333333334, ""f1-score"": 0.7000000000000001, ""support"": 12.0}, ""accuracy"": 0.94, ""macro avg"": {""precision"": 0.9103260869565217, ""recall"": 0.7859848484848485, ""f1-score"": 0.8333333333333333, ""support"": 100.0}, ""weighted avg"": {""precision"": 0.9371739130434783, ""recall"": 0.94, ""f1-score"": 0.9346666666666666, ""support"": 100.0}}"
5,5,3,0.94,0.893939393939394,0.7692307692307692,Fully Connected BN with SMOTE,"[[""GRE Score_cat"", ""Admit""], [""TOEFL Score_cat"", ""Admit""], [""CGPA_cat"", ""Admit""], [""Research"", ""Admit""], [""SOP"", ""Admit""], [""LOR "", ""Admit""], [""University Rating"", ""Admit""]]","{""GRE Score_cat"": [0.06506364922206506, 0.10608203677510608, 0.1753889674681754, 0.314002828854314, 0.33946251768033947], ""Admit"": [0.49453197420364303, 0.5054680257963571], ""TOEFL Score_cat"": [0.031117397454031116, 0.1371994342291372, 0.15841584158415842, 0.31541725601131543, 0.3578500707213578], ""CGPA_cat"": [0.06459217350306459, 0.31636020744931637, 0.6190476190476191], ""Research"": [0.2454031117397454, 0.7545968882602546], ""SOP"": [0.00502907433600503, 0.02907433600502908, 0.04746188904604747, 0.07433600502907435, 0.09130913091309133, 0.1082822567971083, 0.23840955524123844, 0.24123840955524126, 0.16485934307716488], ""LOR "": [0.0022002200220022, 0.014930064435014928, 0.04887631620304887, 0.053119597674053116, 0.11676881973911676, 0.1493006443501493, 0.18890460474618886, 0.2129498664152129, 0.2129498664152129], ""University Rating"": [0.03818953323903819, 0.1371994342291372, 0.18953323903818953, 0.2927864214992928, 0.3422913719943423]}","{""0"": {""precision"": 0.9767441860465116, ""recall"": 0.9545454545454546, ""f1-score"": 0.9655172413793104, ""support"": 88.0}, ""1"": {""precision"": 0.7142857142857143, ""recall"": 0.8333333333333334, ""f1-score"": 0.7692307692307692, ""support"": 12.0}, ""accuracy"": 0.94, ""macro avg"": {""precision"": 0.845514950166113, ""recall"": 0.893939393939394, ""f1-score"": 0.8673740053050398, ""support"": 100.0}, ""weighted avg"": {""precision"": 0.9452491694352159, ""recall"": 0.94, ""f1-score"": 0.9419628647214854, ""support"": 100.0}}"
5,10,10,0.94,0.75,0.6666666666666666,Fully Connected BN with SMOTE,"[[""GRE Score_cat"", ""Admit""], [""TOEFL Score_cat"", ""Admit""], [""CGPA_cat"", ""Admit""], [""Research"", ""Admit""], [""SOP"", ""Admit""], [""LOR "", ""Admit""], [""University Rating"", ""Admit""]]","{""GRE Score_cat"": [0.06506364922206506, 0.10608203677510608, 0.173974540311174, 0.31824611032531824, 0.33663366336633666], ""Admit"": [0.4961060002553976, 0.5038939997446024], ""TOEFL Score_cat"": [0.007779349363507781, 0.023338048090523342, 0.0572842998585573, 0.07991513437057993, 0.09971711456859975, 0.05869872701555871, 0.12942008486562945, 0.18741159830268744, 0.24398868458274403, 0.11244695898161247], ""CGPA_cat"": [0.013515637278013514, 0.04321860757504322, 0.07009272355807009, 0.09555241238409554, 0.09838126669809837, 0.08565142228508565, 0.20870658494420866, 0.24689611818324686, 0.137985227094138], ""Research"": [0.2454031117397454, 0.7545968882602546], ""SOP"": [0.00502907433600503, 0.02907433600502908, 0.04746188904604747, 0.07433600502907435, 0.09130913091309133, 0.1082822567971083, 0.24689611818324692, 0.23275184661323278, 0.16485934307716488], ""LOR "": [0.0022002200220022, 0.014930064435014928, 0.04887631620304887, 0.053119597674053116, 0.11676881973911676, 0.15495835297815497, 0.19031903190319027, 0.2214364293572214, 0.19739116768819734], ""University Rating"": [0.03818953323903819, 0.1371994342291372, 0.18953323903818953, 0.31966053748231965, 0.31541725601131543]}","{""0"": {""precision"": 0.9361702127659575, ""recall"": 1.0, ""f1-score"": 0.967032967032967, ""support"": 88.0}, ""1"": {""precision"": 1.0, ""recall"": 0.5, ""f1-score"": 0.6666666666666666, ""support"": 12.0}, ""accuracy"": 0.94, ""macro avg"": {""precision"": 0.9680851063829787, ""recall"": 0.75, ""f1-score"": 0.8168498168498168, ""support"": 100.0}, ""weighted avg"": {""precision"": 0.9438297872340425, ""recall"": 0.94, ""f1-score"": 0.930989010989011, ""support"": 100.0}}"
5,10,5,0.93,0.7443181818181819,0.631578947368421,Fully Connected BN with SMOTE,"[[""GRE Score_cat"", ""Admit""], [""TOEFL Score_cat"", ""Admit""], [""CGPA_cat"", ""Admit""], [""Research"", ""Admit""], [""SOP"", ""Admit""], [""LOR "", ""Admit""], [""University Rating"", ""Admit""]]","{""GRE Score_cat"": [0.06506364922206506, 0.10608203677510608, 0.1768033946251768, 0.32248939179632247, 0.32956152758132956], ""Admit"": [0.4954364523770417, 0.5045635476229582], ""TOEFL Score_cat"": [0.007779349363507779, 0.02333804809052334, 0.057284299858557285, 0.07991513437057991, 0.09971711456859972, 0.0586987270155587, 0.13224893917963224, 0.18741159830268742, 0.21852899575671852, 0.13507779349363508], ""CGPA_cat"": [0.014144271570014145, 0.11315417256011316, 0.1937765205091938, 0.28712871287128716, 0.39179632248939184], ""Research"": [0.2454031117397454, 0.7545968882602546], ""SOP"": [0.005029074336005029, 0.029074336005029074, 0.04746188904604746, 0.07433600502907434, 0.09130913091309131, 0.10828225679710828, 0.24406726386924404, 0.22992299229922988, 0.1705170517051705], ""LOR "": [0.0022002200220022, 0.014930064435014928, 0.04887631620304887, 0.053119597674053116, 0.11676881973911676, 0.15354392582115353, 0.19173345906019168, 0.21577872072921575, 0.203048876316203], ""University Rating"": [0.03818953323903819, 0.1371994342291372, 0.18953323903818953, 0.32814710042432815, 0.3069306930693069]}","{""0"": {""precision"": 0.9354838709677419, ""recall"": 0.9886363636363636, ""f1-score"": 0.9613259668508287, ""support"": 88.0}, ""1"": {""precision"": 0.8571428571428571, ""recall"": 0.5, ""f1-score"": 0.631578947368421, ""support"": 12.0}, ""accuracy"": 0.93, ""macro avg"": {""precision"": 0.8963133640552995, ""recall"": 0.7443181818181819, ""f1-score"": 0.7964524571096249, ""support"": 100.0}, ""weighted avg"": {""precision"": 0.9260829493087556, ""recall"": 0.93, ""f1-score"": 0.9217563245129398, ""support"": 100.0}}"
5,10,3,0.94,0.7859848484848485,0.7000000000000001,Fully Connected BN with SMOTE,"[[""GRE Score_cat"", ""Admit""], [""TOEFL Score_cat"", ""Admit""], [""CGPA_cat"", ""Admit""], [""Research"", ""Admit""], [""SOP"", ""Admit""], [""LOR "", ""Admit""], [""University Rating"", ""Admit""]]","{""GRE Score_cat"": [0.06506364922206506, 0.10608203677510608, 0.173974540311174, 0.3125884016973126, 0.3422913719943423], ""Admit"": [0.49425009407648657, 0.5057499059235134], ""TOEFL Score_cat"": [0.00777934936350778, 0.023338048090523342, 0.05728429985855729, 0.07991513437057993, 0.09971711456859973, 0.058698727015558706, 0.13224893917963226, 0.17892503536067894, 0.22842998585572846, 0.1336633663366337], ""CGPA_cat"": [0.06459217350306459, 0.31636020744931637, 0.6190476190476191], ""Research"": [0.2454031117397454, 0.7545968882602546], ""SOP"": [0.005029074336005029, 0.029074336005029074, 0.04746188904604746, 0.07433600502907434, 0.09130913091309131, 0.10828225679710828, 0.23840955524123839, 0.23558070092723554, 0.1705170517051705], ""LOR "": [0.0022002200220022, 0.014930064435014928, 0.04887631620304887, 0.053119597674053116, 0.11676881973911676, 0.15071507150715072, 0.19739116768819734, 0.2129498664152129, 0.203048876316203], ""University Rating"": [0.03818953323903819, 0.1371994342291372, 0.18953323903818953, 0.31541725601131543, 0.31966053748231965]}","{""0"": {""precision"": 0.9456521739130435, ""recall"": 0.9886363636363636, ""f1-score"": 0.9666666666666666, ""support"": 88.0}, ""1"": {""precision"": 0.875, ""recall"": 0.5833333333333334, ""f1-score"": 0.7000000000000001, ""support"": 12.0}, ""accuracy"": 0.94, ""macro avg"": {""precision"": 0.9103260869565217, ""recall"": 0.7859848484848485, ""f1-score"": 0.8333333333333333, ""support"": 100.0}, ""weighted avg"": {""precision"": 0.9371739130434783, ""recall"": 0.94, ""f1-score"": 0.9346666666666666, ""support"": 100.0}}"
5,20,10,0.91,0.6609848484848485,0.47058823529411764,Fully Connected BN with SMOTE,"[[""GRE Score_cat"", ""Admit""], [""TOEFL Score_cat"", ""Admit""], [""CGPA_cat"", ""Admit""], [""Research"", ""Admit""], [""SOP"", ""Admit""], [""LOR "", ""Admit""], [""University Rating"", ""Admit""]]","{""GRE Score_cat"": [0.06506364922206506, 0.10608203677510608, 0.17963224893917965, 0.32956152758132956, 0.31966053748231965], ""Admit"": [0.49772904990691874, 0.5022709500930813], ""TOEFL Score_cat"": [0.004596888260254596, 0.0031824611032531818, 0.01308345120226308, 0.010254596888260253, 0.028642149929278635, 0.028642149929278635, 0.02298444130127298, 0.05693069306930692, 0.028642149929278635, 0.07107496463932106, 0.032885431400282876, 0.025813295615275806, 0.08097595473833097, 0.05410183875530409, 0.10785007072135783, 0.058345120226308333, 0.06824611032531823, 0.1757425742574257, 0.06683168316831682, 0.06117397454031116], ""CGPA_cat"": [0.013515637278013517, 0.04321860757504323, 0.0700927235580701, 0.09555241238409556, 0.0983812666980984, 0.08565142228508567, 0.2087065849442087, 0.24831054534024832, 0.13657079993713658], ""Research"": [0.2454031117397454, 0.7545968882602546], ""SOP"": [0.005029074336005029, 0.029074336005029074, 0.04746188904604746, 0.07433600502907434, 0.09130913091309131, 0.10828225679710828, 0.25538268112525536, 0.23416627377023413, 0.15495835297815497], ""LOR "": [0.0022002200220022, 0.014930064435014928, 0.04887631620304887, 0.053119597674053116, 0.11676881973911676, 0.1592016344491592, 0.203048876316203, 0.20587773063020584, 0.19597674053119593], ""University Rating"": [0.03818953323903819, 0.1371994342291372, 0.18953323903818953, 0.32956152758132956, 0.3055162659123055]}","{""0"": {""precision"": 0.9157894736842105, ""recall"": 0.9886363636363636, ""f1-score"": 0.9508196721311476, ""support"": 88.0}, ""1"": {""precision"": 0.8, ""recall"": 0.3333333333333333, ""f1-score"": 0.47058823529411764, ""support"": 12.0}, ""accuracy"": 0.91, ""macro avg"": {""precision"": 0.8578947368421053, ""recall"": 0.6609848484848485, ""f1-score"": 0.7107039537126326, ""support"": 100.0}, ""weighted avg"": {""precision"": 0.9018947368421053, ""recall"": 0.91, ""f1-score"": 0.893191899710704, ""support"": 100.0}}"
5,20,5,0.93,0.7083333333333334,0.5882352941176471,Fully Connected BN with SMOTE,"[[""GRE Score_cat"", ""Admit""], [""TOEFL Score_cat"", ""Admit""], [""CGPA_cat"", ""Admit""], [""Research"", ""Admit""], [""SOP"", ""Admit""], [""LOR "", ""Admit""], [""University Rating"", ""Admit""]]","{""GRE Score_cat"": [0.06506364922206506, 0.10608203677510608, 0.1753889674681754, 0.3352192362093352, 0.31824611032531824], ""Admit"": [0.4971764290761749, 0.5028235709238251], ""TOEFL Score_cat"": [0.004596888260254597, 0.0031824611032531826, 0.013083451202263084, 0.010254596888260255, 0.028642149929278642, 0.028642149929278642, 0.022984441301272984, 0.05693069306930693, 0.028642149929278642, 0.07107496463932107, 0.03288543140028288, 0.025813295615275813, 0.07673267326732673, 0.05693069306930693, 0.11633663366336634, 0.0541018387553041, 0.0724893917963225, 0.163012729844413, 0.06824611032531824, 0.06541725601131541], ""CGPA_cat"": [0.014144271570014143, 0.11315417256011315, 0.19377652050919378, 0.2942008486562942, 0.38472418670438474], ""Research"": [0.2454031117397454, 0.7545968882602546], ""SOP"": [0.00502907433600503, 0.02907433600502908, 0.04746188904604747, 0.07433600502907435, 0.09130913091309133, 0.1082822567971083, 0.27235580700927237, 0.21860757504321862, 0.15354392582115356], ""LOR "": [0.0022002200220022, 0.014930064435014928, 0.04887631620304887, 0.053119597674053116, 0.11676881973911676, 0.15354392582115353, 0.19880559484519877, 0.2129498664152129, 0.19880559484519877], ""University Rating"": [0.03818953323903819, 0.1371994342291372, 0.18953323903818953, 0.32673267326732675, 0.30834512022630833]}","{""0"": {""precision"": 0.9263157894736842, ""recall"": 1.0, ""f1-score"": 0.9617486338797814, ""support"": 88.0}, ""1"": {""precision"": 1.0, ""recall"": 0.4166666666666667, ""f1-score"": 0.5882352941176471, ""support"": 12.0}, ""accuracy"": 0.93, ""macro avg"": {""precision"": 0.9631578947368421, ""recall"": 0.7083333333333334, ""f1-score"": 0.7749919639987142, ""support"": 100.0}, ""weighted avg"": {""precision"": 0.9351578947368421, ""recall"": 0.93, ""f1-score"": 0.9169270331083252, ""support"": 100.0}}"
5,20,3,0.94,0.7859848484848485,0.7000000000000001,Fully Connected BN with SMOTE,"[[""GRE Score_cat"", ""Admit""], [""TOEFL Score_cat"", ""Admit""], [""CGPA_cat"", ""Admit""], [""Research"", ""Admit""], [""SOP"", ""Admit""], [""LOR "", ""Admit""], [""University Rating"", ""Admit""]]","{""GRE Score_cat"": [0.06506364922206506, 0.10608203677510608, 0.1768033946251768, 0.3352192362093352, 0.31683168316831684], ""Admit"": [0.49556994111702646, 0.5044300588829737], ""TOEFL Score_cat"": [0.004596888260254597, 0.0031824611032531826, 0.013083451202263084, 0.010254596888260255, 0.028642149929278642, 0.028642149929278642, 0.022984441301272984, 0.05693069306930693, 0.028642149929278642, 0.07107496463932107, 0.03288543140028288, 0.025813295615275813, 0.07814710042432815, 0.0541018387553041, 0.11633663366336634, 0.051272984441301274, 0.09087694483734088, 0.14603960396039603, 0.0838048090523338, 0.05268741159830269], ""CGPA_cat"": [0.06459217350306459, 0.31636020744931637, 0.6190476190476191], ""Research"": [0.2454031117397454, 0.7545968882602546], ""SOP"": [0.005029074336005029, 0.029074336005029074, 0.04746188904604746, 0.07433600502907434, 0.09130913091309131, 0.10828225679710828, 0.24831054534024827, 0.2412384095552412, 0.15495835297815497], ""LOR "": [0.0022002200220022, 0.014930064435014928, 0.04887631620304887, 0.053119597674053116, 0.11676881973911676, 0.15071507150715072, 0.19597674053119593, 0.2101210121012101, 0.20729215778720725], ""University Rating"": [0.03818953323903819, 0.1371994342291372, 0.18953323903818953, 0.3352192362093352, 0.29985855728429983]}","{""0"": {""precision"": 0.9456521739130435, ""recall"": 0.9886363636363636, ""f1-score"": 0.9666666666666666, ""support"": 88.0}, ""1"": {""precision"": 0.875, ""recall"": 0.5833333333333334, ""f1-score"": 0.7000000000000001, ""support"": 12.0}, ""accuracy"": 0.94, ""macro avg"": {""precision"": 0.9103260869565217, ""recall"": 0.7859848484848485, ""f1-score"": 0.8333333333333333, ""support"": 100.0}, ""weighted avg"": {""precision"": 0.9371739130434783, ""recall"": 0.94, ""f1-score"": 0.9346666666666666, ""support"": 100.0}}"
10,5,10,0.92,0.6666666666666666,0.5,Fully Connected BN with SMOTE,"[[""GRE Score_cat"", ""Admit""], [""TOEFL Score_cat"", ""Admit""], [""CGPA_cat"", ""Admit""], [""Research"", ""Admit""], [""SOP"", ""Admit""], [""LOR "", ""Admit""], [""University Rating"", ""Admit""]]","{""GRE Score_cat"": [0.013437057991513438, 0.051626591230551626, 0.048797736916548796, 0.057284299858557285, 0.08981612446958982, 0.086987270155587, 0.15770862800565771, 0.1364922206506365, 0.2369165487977369, 0.12093352192362093], ""Admit"": [0.4971650768586303, 0.5028349231413698], ""TOEFL Score_cat"": [0.03111739745403112, 0.13719943422913722, 0.15841584158415845, 0.3168316831683169, 0.3564356435643565], ""CGPA_cat"": [0.013515637278013514, 0.04321860757504322, 0.07009272355807009, 0.09555241238409554, 0.09838126669809837, 0.08565142228508565, 0.20022002200220018, 0.23699512808423695, 0.15637278013515638], ""Research"": [0.2454031117397454, 0.7545968882602546], ""SOP"": [0.00502907433600503, 0.02907433600502908, 0.04746188904604747, 0.07433600502907435, 0.09130913091309133, 0.1082822567971083, 0.253968253968254, 0.23133741945623135, 0.15920163444915922], ""LOR "": [0.0022002200220022, 0.014930064435014928, 0.04887631620304887, 0.053119597674053116, 0.11676881973911676, 0.16061606160616063, 0.1775891874901776, 0.24406726386924404, 0.18183246896118183], ""University Rating"": [0.03818953323903819, 0.1371994342291372, 0.18953323903818953, 0.32956152758132956, 0.3055162659123055]}","{""0"": {""precision"": 0.9166666666666666, ""recall"": 1.0, ""f1-score"": 0.9565217391304348, ""support"": 88.0}, ""1"": {""precision"": 1.0, ""recall"": 0.3333333333333333, ""f1-score"": 0.5, ""support"": 12.0}, ""accuracy"": 0.92, ""macro avg"": {""precision"": 0.9583333333333333, ""recall"": 0.6666666666666666, ""f1-score"": 0.7282608695652174, ""support"": 100.0}, ""weighted avg"": {""precision"": 0.9266666666666665, ""recall"": 0.92, ""f1-score"": 0.9017391304347826, ""support"": 100.0}}"
10,5,5,0.93,0.7083333333333334,0.5882352941176471,Fully Connected BN with SMOTE,"[[""GRE Score_cat"", ""Admit""], [""TOEFL Score_cat"", ""Admit""], [""CGPA_cat"", ""Admit""], [""Research"", ""Admit""], [""SOP"", ""Admit""], [""LOR "", ""Admit""], [""University Rating"", ""Admit""]]","{""GRE Score_cat"": [0.013437057991513438, 0.051626591230551626, 0.048797736916548796, 0.057284299858557285, 0.08981612446958982, 0.086987270155587, 0.16053748231966053, 0.14073550212164074, 0.22701555869872703, 0.12376237623762376], ""Admit"": [0.4961439977881132, 0.5038560022118869], ""TOEFL Score_cat"": [0.03111739745403112, 0.13719943422913722, 0.15841584158415845, 0.3168316831683169, 0.3564356435643565], ""CGPA_cat"": [0.014144271570014145, 0.11315417256011316, 0.1937765205091938, 0.28712871287128716, 0.39179632248939184], ""Research"": [0.2454031117397454, 0.7545968882602546], ""SOP"": [0.00502907433600503, 0.02907433600502908, 0.04746188904604747, 0.07433600502907435, 0.09130913091309133, 0.1082822567971083, 0.24831054534024832, 0.2440672638692441, 0.15212949866415215], ""LOR "": [0.0022002200220022, 0.014930064435014928, 0.04887631620304887, 0.053119597674053116, 0.11676881973911676, 0.15354392582115353, 0.20022002200220018, 0.21860757504321857, 0.19173345906019168], ""University Rating"": [0.03818953323903819, 0.1371994342291372, 0.18953323903818953, 0.3408769448373409, 0.2942008486562942]}","{""0"": {""precision"": 0.9263157894736842, ""recall"": 1.0, ""f1-score"": 0.9617486338797814, ""support"": 88.0}, ""1"": {""precision"": 1.0, ""recall"": 0.4166666666666667, ""f1-score"": 0.5882352941176471, ""support"": 12.0}, ""accuracy"": 0.93, ""macro avg"": {""precision"": 0.9631578947368421, ""recall"": 0.7083333333333334, ""f1-score"": 0.7749919639987142, ""support"": 100.0}, ""weighted avg"": {""precision"": 0.9351578947368421, ""recall"": 0.93, ""f1-score"": 0.9169270331083252, ""support"": 100.0}}"
10,5,3,0.95,0.8276515151515151,0.761904761904762,Fully Connected BN with SMOTE,"[[""GRE Score_cat"", ""Admit""], [""TOEFL Score_cat"", ""Admit""], [""CGPA_cat"", ""Admit""], [""Research"", ""Admit""], [""SOP"", ""Admit""], [""LOR "", ""Admit""], [""University Rating"", ""Admit""]]","{""GRE Score_cat"": [0.013437057991513438, 0.051626591230551626, 0.048797736916548796, 0.057284299858557285, 0.08981612446958982, 0.08274398868458274, 0.16478076379066478, 0.1364922206506365, 0.23833097595473834, 0.1166902404526167], ""Admit"": [0.49559123802738597, 0.504408761972614], ""TOEFL Score_cat"": [0.031117397454031116, 0.1371994342291372, 0.15841584158415842, 0.31824611032531824, 0.355021216407355], ""CGPA_cat"": [0.06459217350306459, 0.31636020744931637, 0.6190476190476191], ""Research"": [0.2454031117397454, 0.7545968882602546], ""SOP"": [0.00502907433600503, 0.02907433600502908, 0.04746188904604747, 0.07433600502907435, 0.09130913091309133, 0.1082822567971083, 0.24689611818324692, 0.2440672638692441, 0.15354392582115356], ""LOR "": [0.0022002200220022, 0.014930064435014928, 0.04887631620304887, 0.053119597674053116, 0.11676881973911676, 0.15071507150715072, 0.19880559484519877, 0.2129498664152129, 0.2016344491592016], ""University Rating"": [0.03818953323903819, 0.1371994342291372, 0.18953323903818953, 0.3125884016973126, 0.32248939179632247]}","{""0"": {""precision"": 0.9560439560439561, ""recall"": 0.9886363636363636, ""f1-score"": 0.9720670391061453, ""support"": 88.0}, ""1"": {""precision"": 0.8888888888888888, ""recall"": 0.6666666666666666, ""f1-score"": 0.761904761904762, ""support"": 12.0}, ""accuracy"": 0.95, ""macro avg"": {""precision"": 0.9224664224664225, ""recall"": 0.8276515151515151, ""f1-score"": 0.8669859005054537, ""support"": 100.0}, ""weighted avg"": {""precision"": 0.9479853479853481, ""recall"": 0.95, ""f1-score"": 0.9468475658419793, ""support"": 100.0}}"
10,10,10,0.9,0.5833333333333334,0.2857142857142857,Fully Connected BN with SMOTE,"[[""GRE Score_cat"", ""Admit""], [""TOEFL Score_cat"", ""Admit""], [""CGPA_cat"", ""Admit""], [""Research"", ""Admit""], [""SOP"", ""Admit""], [""LOR "", ""Admit""], [""University Rating"", ""Admit""]]","{""GRE Score_cat"": [0.013437057991513438, 0.051626591230551626, 0.048797736916548796, 0.057284299858557285, 0.08981612446958982, 0.08415841584158416, 0.1676096181046676, 0.1463932107496464, 0.2340876944837341, 0.10678925035360678], ""Admit"": [0.4976842748723543, 0.5023157251276458], ""TOEFL Score_cat"": [0.007779349363507781, 0.023338048090523342, 0.0572842998585573, 0.07991513437057993, 0.09971711456859975, 0.05869872701555871, 0.13224893917963226, 0.1902404526166903, 0.2383309759547384, 0.11244695898161247], ""CGPA_cat"": [0.013515637278013514, 0.04321860757504322, 0.07009272355807009, 0.09555241238409554, 0.09838126669809837, 0.08565142228508565, 0.203048876316203, 0.24406726386924404, 0.14647179003614647], ""Research"": [0.2454031117397454, 0.7545968882602546], ""SOP"": [0.005029074336005029, 0.029074336005029074, 0.04746188904604746, 0.07433600502907434, 0.09130913091309131, 0.10828225679710828, 0.2511393996542511, 0.2426528367122426, 0.15071507150715072], ""LOR "": [0.0022002200220022, 0.014930064435014928, 0.04887631620304887, 0.053119597674053116, 0.11676881973911676, 0.1493006443501493, 0.19314788621719312, 0.21577872072921575, 0.20587773063020584], ""University Rating"": [0.03818953323903819, 0.1371994342291372, 0.18953323903818953, 0.31683168316831684, 0.31824611032531824]}","{""0"": {""precision"": 0.8979591836734694, ""recall"": 1.0, ""f1-score"": 0.9462365591397849, ""support"": 88.0}, ""1"": {""precision"": 1.0, ""recall"": 0.16666666666666666, ""f1-score"": 0.2857142857142857, ""support"": 12.0}, ""accuracy"": 0.9, ""macro avg"": {""precision"": 0.9489795918367347, ""recall"": 0.5833333333333334, ""f1-score"": 0.6159754224270353, ""support"": 100.0}, ""weighted avg"": {""precision"": 0.910204081632653, ""recall"": 0.9, ""f1-score"": 0.8669738863287251, ""support"": 100.0}}"
10,10,5,0.93,0.7083333333333334,0.5882352941176471,Fully Connected BN with SMOTE,"[[""GRE Score_cat"", ""Admit""], [""TOEFL Score_cat"", ""Admit""], [""CGPA_cat"", ""Admit""], [""Research"", ""Admit""], [""SOP"", ""Admit""], [""LOR "", ""Admit""], [""University Rating"", ""Admit""]]","{""GRE Score_cat"": [0.01343705799151344, 0.05162659123055163, 0.0487977369165488, 0.05728429985855729, 0.08981612446958984, 0.08557284299858559, 0.16760961810466762, 0.1350777934936351, 0.23125884016973128, 0.11951909476661954], ""Admit"": [0.49670938876789505, 0.503290611232105], ""TOEFL Score_cat"": [0.00777934936350778, 0.023338048090523342, 0.05728429985855729, 0.07991513437057993, 0.09971711456859973, 0.058698727015558706, 0.1350777934936351, 0.18033946251768038, 0.22560113154172562, 0.13224893917963226], ""CGPA_cat"": [0.014144271570014143, 0.11315417256011315, 0.19377652050919378, 0.2913719943422914, 0.38755304101838756], ""Research"": [0.2454031117397454, 0.7545968882602546], ""SOP"": [0.005029074336005029, 0.029074336005029074, 0.04746188904604746, 0.07433600502907434, 0.09130913091309131, 0.10828225679710828, 0.25538268112525536, 0.23840955524123839, 0.15071507150715072], ""LOR "": [0.0022002200220022, 0.014930064435014928, 0.04887631620304887, 0.053119597674053116, 0.11676881973911676, 0.15495835297815497, 0.19031903190319027, 0.22002200220021997, 0.19880559484519877], ""University Rating"": [0.03818953323903819, 0.1371994342291372, 0.18953323903818953, 0.3408769448373409, 0.2942008486562942]}","{""0"": {""precision"": 0.9263157894736842, ""recall"": 1.0, ""f1-score"": 0.9617486338797814, ""support"": 88.0}, ""1"": {""precision"": 1.0, ""recall"": 0.4166666666666667, ""f1-score"": 0.5882352941176471, ""support"": 12.0}, ""accuracy"": 0.93, ""macro avg"": {""precision"": 0.9631578947368421, ""recall"": 0.7083333333333334, ""f1-score"": 0.7749919639987142, ""support"": 100.0}, ""weighted avg"": {""precision"": 0.9351578947368421, ""recall"": 0.93, ""f1-score"": 0.9169270331083252, ""support"": 100.0}}"
10,10,3,0.94,0.75,0.6666666666666666,Fully Connected BN with SMOTE,"[[""GRE Score_cat"", ""Admit""], [""TOEFL Score_cat"", ""Admit""], [""CGPA_cat"", ""Admit""], [""Research"", ""Admit""], [""SOP"", ""Admit""], [""LOR "", ""Admit""], [""University Rating"", ""Admit""]]","{""GRE Score_cat"": [0.013437057991513438, 0.051626591230551626, 0.048797736916548796, 0.057284299858557285, 0.08981612446958982, 0.08415841584158416, 0.16195190947666196, 0.144978783592645, 0.21711456859971712, 0.13083451202263083], ""Admit"": [0.49555292573563914, 0.5044470742643609], ""TOEFL Score_cat"": [0.007779349363507779, 0.02333804809052334, 0.057284299858557285, 0.07991513437057991, 0.09971711456859972, 0.0586987270155587, 0.13366336633663367, 0.17043847241867044, 0.2340876944837341, 0.13507779349363508], ""CGPA_cat"": [0.06459217350306459, 0.31636020744931637, 0.6190476190476191], ""Research"": [0.2454031117397454, 0.7545968882602546], ""SOP"": [0.00502907433600503, 0.02907433600502908, 0.04746188904604747, 0.07433600502907435, 0.09130913091309133, 0.1082822567971083, 0.24689611818324692, 0.23982398239823985, 0.1577872072921578], ""LOR "": [0.0022002200220022, 0.014930064435014928, 0.04887631620304887, 0.053119597674053116, 0.11676881973911676, 0.15212949866415212, 0.20022002200220018, 0.2101210121012101, 0.2016344491592016], ""University Rating"": [0.03818953323903819, 0.1371994342291372, 0.18953323903818953, 0.31966053748231965, 0.31541725601131543]}","{""0"": {""precision"": 0.9361702127659575, ""recall"": 1.0, ""f1-score"": 0.967032967032967, ""support"": 88.0}, ""1"": {""precision"": 1.0, ""recall"": 0.5, ""f1-score"": 0.6666666666666666, ""support"": 12.0}, ""accuracy"": 0.94, ""macro avg"": {""precision"": 0.9680851063829787, ""recall"": 0.75, ""f1-score"": 0.8168498168498168, ""support"": 100.0}, ""weighted avg"": {""precision"": 0.9438297872340425, ""recall"": 0.94, ""f1-score"": 0.930989010989011, ""support"": 100.0}}"
10,20,10,0.89,0.5416666666666666,0.15384615384615385,Fully Connected BN with SMOTE,"[[""GRE Score_cat"", ""Admit""], [""TOEFL Score_cat"", ""Admit""], [""CGPA_cat"", ""Admit""], [""Research"", ""Admit""], [""SOP"", ""Admit""], [""LOR "", ""Admit""], [""University Rating"", ""Admit""]]","{""GRE Score_cat"": [0.013437057991513438, 0.051626591230551626, 0.048797736916548796, 0.057284299858557285, 0.08981612446958982, 0.08274398868458274, 0.1676096181046676, 0.144978783592645, 0.22135785007072137, 0.12234794908062235], ""Admit"": [0.49876707583271207, 0.5012329241672879], ""TOEFL Score_cat"": [0.004596888260254596, 0.0031824611032531818, 0.01308345120226308, 0.010254596888260253, 0.028642149929278635, 0.028642149929278635, 0.02298444130127298, 0.05693069306930692, 0.028642149929278635, 0.07107496463932106, 0.032885431400282876, 0.025813295615275806, 0.07531824611032531, 0.06258840169731257, 0.1149222065063649, 0.05410183875530409, 0.05975954738330975, 0.17857142857142855, 0.06683168316831682, 0.06117397454031116], ""CGPA_cat"": [0.013515637278013514, 0.04321860757504322, 0.07009272355807009, 0.09555241238409554, 0.09838126669809837, 0.08565142228508565, 0.2115354392582115, 0.24548169102624545, 0.13657079993713656], ""Research"": [0.2454031117397454, 0.7545968882602546], ""SOP"": [0.005029074336005029, 0.029074336005029074, 0.04746188904604746, 0.07433600502907434, 0.09130913091309131, 0.10828225679710828, 0.25255382681125255, 0.2511393996542511, 0.1408140814081408], ""LOR "": [0.0022002200220022005, 0.014930064435014932, 0.048876316203048886, 0.05311959767405313, 0.11676881973911679, 0.16061606160616065, 0.17900361464717904, 0.2341662737702342, 0.19031903190319033], ""University Rating"": [0.03818953323903819, 0.1371994342291372, 0.18953323903818953, 0.32390381895332393, 0.31117397454031115]}","{""0"": {""precision"": 0.8888888888888888, ""recall"": 1.0, ""f1-score"": 0.9411764705882353, ""support"": 88.0}, ""1"": {""precision"": 1.0, ""recall"": 0.08333333333333333, ""f1-score"": 0.15384615384615385, ""support"": 12.0}, ""accuracy"": 0.89, ""macro avg"": {""precision"": 0.9444444444444444, ""recall"": 0.5416666666666666, ""f1-score"": 0.5475113122171946, ""support"": 100.0}, ""weighted avg"": {""precision"": 0.9022222222222221, ""recall"": 0.89, ""f1-score"": 0.8466968325791855, ""support"": 100.0}}"
10,20,5,0.91,0.625,0.4,Fully Connected BN with SMOTE,"[[""GRE Score_cat"", ""Admit""], [""TOEFL Score_cat"", ""Admit""], [""CGPA_cat"", ""Admit""], [""Research"", ""Admit""], [""SOP"", ""Admit""], [""LOR "", ""Admit""], [""University Rating"", ""Admit""]]","{""GRE Score_cat"": [0.013437057991513438, 0.051626591230551626, 0.048797736916548796, 0.057284299858557285, 0.08981612446958982, 0.08415841584158416, 0.15912305516265912, 0.1492220650636492, 0.23125884016973125, 0.11527581329561527], ""Admit"": [0.4979949986353713, 0.5020050013646287], ""TOEFL Score_cat"": [0.004596888260254597, 0.0031824611032531826, 0.013083451202263084, 0.010254596888260255, 0.028642149929278642, 0.028642149929278642, 0.022984441301272984, 0.05693069306930693, 0.028642149929278642, 0.07107496463932107, 0.03288543140028288, 0.025813295615275813, 0.07531824611032532, 0.06683168316831684, 0.1021923620933522, 0.06117397454031118, 0.064002828854314, 0.163012729844413, 0.08521923620933522, 0.05551626591230552], ""CGPA_cat"": [0.014144271570014143, 0.11315417256011315, 0.19377652050919378, 0.3026874115983027, 0.37623762376237624], ""Research"": [0.2454031117397454, 0.7545968882602546], ""SOP"": [0.00502907433600503, 0.02907433600502908, 0.04746188904604747, 0.07433600502907435, 0.0898947037560899, 0.10969668395410971, 0.25962596259625964, 0.24123840955524126, 0.14364293572214368], ""LOR "": [0.0022002200220022, 0.014930064435014928, 0.04887631620304887, 0.053119597674053116, 0.11676881973911676, 0.16627377023416628, 0.18324689611818323, 0.2129498664152129, 0.2016344491592016], ""University Rating"": [0.03818953323903819, 0.1371994342291372, 0.18953323903818953, 0.3521923620933522, 0.2828854314002829]}","{""0"": {""precision"": 0.9072164948453608, ""recall"": 1.0, ""f1-score"": 0.9513513513513514, ""support"": 88.0}, ""1"": {""precision"": 1.0, ""recall"": 0.25, ""f1-score"": 0.4, ""support"": 12.0}, ""accuracy"": 0.91, ""macro avg"": {""precision"": 0.9536082474226804, ""recall"": 0.625, ""f1-score"": 0.6756756756756757, ""support"": 100.0}, ""weighted avg"": {""precision"": 0.9183505154639175, ""recall"": 0.91, ""f1-score"": 0.8851891891891891, ""support"": 100.0}}"
10,20,3,0.93,0.7083333333333334,0.5882352941176471,Fully Connected BN with SMOTE,"[[""GRE Score_cat"", ""Admit""], [""TOEFL Score_cat"", ""Admit""], [""CGPA_cat"", ""Admit""], [""Research"", ""Admit""], [""SOP"", ""Admit""], [""LOR "", ""Admit""], [""University Rating"", ""Admit""]]","{""GRE Score_cat"": [0.013437057991513438, 0.051626591230551626, 0.048797736916548796, 0.057284299858557285, 0.08981612446958982, 0.08415841584158416, 0.16195190947666196, 0.13932107496463933, 0.2355021216407355, 0.1181046676096181], ""Admit"": [0.4971058467478543, 0.5028941532521458], ""TOEFL Score_cat"": [0.004596888260254598, 0.003182461103253183, 0.013083451202263086, 0.010254596888260257, 0.028642149929278646, 0.028642149929278646, 0.022984441301272987, 0.05693069306930694, 0.028642149929278646, 0.07107496463932109, 0.03288543140028289, 0.025813295615275816, 0.07531824611032534, 0.061173974540311184, 0.10643564356435645, 0.0625884016973126, 0.07107496463932109, 0.15452616690240456, 0.08804809052333806, 0.05410183875530411], ""CGPA_cat"": [0.06459217350306459, 0.31636020744931637, 0.6190476190476191], ""Research"": [0.2454031117397454, 0.7545968882602546], ""SOP"": [0.00502907433600503, 0.02907433600502908, 0.04746188904604747, 0.07433600502907435, 0.09130913091309133, 0.1082822567971083, 0.25821153543925823, 0.24831054534024832, 0.13798522709413802], ""LOR "": [0.0022002200220022, 0.014930064435014928, 0.04887631620304887, 0.053119597674053116, 0.11676881973911676, 0.15212949866415212, 0.20022002200220018, 0.19597674053119593, 0.21577872072921575], ""University Rating"": [0.03818953323903819, 0.1371994342291372, 0.18953323903818953, 0.32814710042432815, 0.3069306930693069]}","{""0"": {""precision"": 0.9263157894736842, ""recall"": 1.0, ""f1-score"": 0.9617486338797814, ""support"": 88.0}, ""1"": {""precision"": 1.0, ""recall"": 0.4166666666666667, ""f1-score"": 0.5882352941176471, ""support"": 12.0}, ""accuracy"": 0.93, ""macro avg"": {""precision"": 0.9631578947368421, ""recall"": 0.7083333333333334, ""f1-score"": 0.7749919639987142, ""support"": 100.0}, ""weighted avg"": {""precision"": 0.9351578947368421, ""recall"": 0.93, ""f1-score"": 0.9169270331083252, ""support"": 100.0}}"
20,5,10,0.9,0.6193181818181819,0.375,Fully Connected BN with SMOTE,"[[""GRE Score_cat"", ""Admit""], [""TOEFL Score_cat"", ""Admit""], [""CGPA_cat"", ""Admit""], [""Research"", ""Admit""], [""SOP"", ""Admit""], [""LOR "", ""Admit""], [""University Rating"", ""Admit""]]","{""GRE Score_cat"": [0.0031824611032531826, 0.010254596888260255, 0.014497878359264497, 0.03712871287128713, 0.017326732673267328, 0.03147100424328147, 0.015912305516265914, 0.04137199434229137, 0.042786421499292786, 0.04702970297029703, 0.03288543140028288, 0.051272984441301274, 0.07956152758132956, 0.08521923620933522, 0.051272984441301274, 0.08097595473833098, 0.09512022630834512, 0.1036067892503536, 0.07531824611032532, 0.0838048090523338], ""Admit"": [0.4982400037223477, 0.5017599962776522], ""TOEFL Score_cat"": [0.03111739745403112, 0.13719943422913722, 0.15841584158415845, 0.33239038189533243, 0.34087694483734093], ""CGPA_cat"": [0.013515637278013514, 0.04321860757504322, 0.07009272355807009, 0.09555241238409554, 0.09838126669809837, 0.08565142228508565, 0.19314788621719312, 0.23840955524123839, 0.16203048876316203], ""Research"": [0.2454031117397454, 0.7545968882602546], ""SOP"": [0.00502907433600503, 0.02907433600502908, 0.04746188904604747, 0.07433600502907435, 0.0898947037560899, 0.10969668395410971, 0.2638692440672639, 0.24123840955524126, 0.13939965425113943], ""LOR "": [0.0022002200220022, 0.014930064435014928, 0.04887631620304887, 0.053119597674053116, 0.11676881973911676, 0.15495835297815497, 0.19456231337419452, 0.20870658494420866, 0.20587773063020584], ""University Rating"": [0.03818953323903819, 0.1371994342291372, 0.18953323903818953, 0.3352192362093352, 0.29985855728429983]}","{""0"": {""precision"": 0.90625, ""recall"": 0.9886363636363636, ""f1-score"": 0.9456521739130435, ""support"": 88.0}, ""1"": {""precision"": 0.75, ""recall"": 0.25, ""f1-score"": 0.375, ""support"": 12.0}, ""accuracy"": 0.9, ""macro avg"": {""precision"": 0.828125, ""recall"": 0.6193181818181819, ""f1-score"": 0.6603260869565217, ""support"": 100.0}, ""weighted avg"": {""precision"": 0.8875, ""recall"": 0.9, ""f1-score"": 0.8771739130434782, ""support"": 100.0}}"
20,5,5,0.92,0.7026515151515151,0.5555555555555556,Fully Connected BN with SMOTE,"[[""GRE Score_cat"", ""Admit""], [""TOEFL Score_cat"", ""Admit""], [""CGPA_cat"", ""Admit""], [""Research"", ""Admit""], [""SOP"", ""Admit""], [""LOR "", ""Admit""], [""University Rating"", ""Admit""]]","{""GRE Score_cat"": [0.003182461103253183, 0.010254596888260257, 0.014497878359264499, 0.037128712871287134, 0.01732673267326733, 0.031471004243281475, 0.015912305516265917, 0.04137199434229138, 0.04278642149929279, 0.04702970297029704, 0.03288543140028289, 0.05127298444130128, 0.07956152758132957, 0.08663366336633664, 0.05127298444130128, 0.07956152758132957, 0.09653465346534655, 0.09936350777934938, 0.06541725601131543, 0.09653465346534655], ""Admit"": [0.4974500462925337, 0.5025499537074664], ""TOEFL Score_cat"": [0.03111739745403112, 0.13719943422913722, 0.15841584158415845, 0.3168316831683169, 0.3564356435643565], ""CGPA_cat"": [0.014144271570014143, 0.11315417256011315, 0.19377652050919378, 0.314002828854314, 0.3649222065063649], ""Research"": [0.2454031117397454, 0.7545968882602546], ""SOP"": [0.00502907433600503, 0.02907433600502908, 0.04746188904604747, 0.07433600502907435, 0.0898947037560899, 0.10969668395410971, 0.25821153543925823, 0.2525538268112526, 0.13374194562313377], ""LOR "": [0.0022002200220022, 0.014930064435014928, 0.04887631620304887, 0.053119597674053116, 0.11676881973911676, 0.16203048876316203, 0.18183246896118183, 0.21719314788621716, 0.203048876316203], ""University Rating"": [0.03818953323903819, 0.1371994342291372, 0.18953323903818953, 0.3338048090523338, 0.3012729844413013]}","{""0"": {""precision"": 0.925531914893617, ""recall"": 0.9886363636363636, ""f1-score"": 0.9560439560439561, ""support"": 88.0}, ""1"": {""precision"": 0.8333333333333334, ""recall"": 0.4166666666666667, ""f1-score"": 0.5555555555555556, ""support"": 12.0}, ""accuracy"": 0.92, ""macro avg"": {""precision"": 0.8794326241134751, ""recall"": 0.7026515151515151, ""f1-score"": 0.7557997557997558, ""support"": 100.0}, ""weighted avg"": {""precision"": 0.9144680851063829, ""recall"": 0.92, ""f1-score"": 0.907985347985348, ""support"": 100.0}}"
20,5,3,0.94,0.7859848484848485,0.7000000000000001,Fully Connected BN with SMOTE,"[[""GRE Score_cat"", ""Admit""], [""TOEFL Score_cat"", ""Admit""], [""CGPA_cat"", ""Admit""], [""Research"", ""Admit""], [""SOP"", ""Admit""], [""LOR "", ""Admit""], [""University Rating"", ""Admit""]]","{""GRE Score_cat"": [0.003182461103253183, 0.010254596888260257, 0.014497878359264499, 0.037128712871287134, 0.01732673267326733, 0.031471004243281475, 0.015912305516265917, 0.04137199434229138, 0.04278642149929279, 0.04702970297029704, 0.03288543140028289, 0.052687411598302696, 0.07956152758132957, 0.0823903818953324, 0.05410183875530411, 0.0823903818953324, 0.08946251768033947, 0.10785007072135787, 0.07107496463932109, 0.08663366336633664], ""Admit"": [0.4967667734193647, 0.5032332265806354], ""TOEFL Score_cat"": [0.031117397454031116, 0.1371994342291372, 0.15841584158415842, 0.31824611032531824, 0.355021216407355], ""CGPA_cat"": [0.06459217350306459, 0.31636020744931637, 0.6190476190476191], ""Research"": [0.2454031117397454, 0.7545968882602546], ""SOP"": [0.00502907433600503, 0.02907433600502908, 0.04746188904604747, 0.07433600502907435, 0.0898947037560899, 0.10969668395410971, 0.25962596259625964, 0.24689611818324692, 0.13798522709413802], ""LOR "": [0.0022002200220022, 0.014930064435014928, 0.04887631620304887, 0.053119597674053116, 0.11676881973911676, 0.16061606160616063, 0.18324689611818323, 0.21436429357221432, 0.20587773063020584], ""University Rating"": [0.03818953323903819, 0.1371994342291372, 0.18953323903818953, 0.32390381895332393, 0.31117397454031115]}","{""0"": {""precision"": 0.9456521739130435, ""recall"": 0.9886363636363636, ""f1-score"": 0.9666666666666666, ""support"": 88.0}, ""1"": {""precision"": 0.875, ""recall"": 0.5833333333333334, ""f1-score"": 0.7000000000000001, ""support"": 12.0}, ""accuracy"": 0.94, ""macro avg"": {""precision"": 0.9103260869565217, ""recall"": 0.7859848484848485, ""f1-score"": 0.8333333333333333, ""support"": 100.0}, ""weighted avg"": {""precision"": 0.9371739130434783, ""recall"": 0.94, ""f1-score"": 0.9346666666666666, ""support"": 100.0}}"
20,10,10,0.9,0.6193181818181819,0.375,Fully Connected BN with SMOTE,"[[""GRE Score_cat"", ""Admit""], [""TOEFL Score_cat"", ""Admit""], [""CGPA_cat"", ""Admit""], [""Research"", ""Admit""], [""SOP"", ""Admit""], [""LOR "", ""Admit""], [""University Rating"", ""Admit""]]","{""GRE Score_cat"": [0.0031824611032531826, 0.010254596888260255, 0.014497878359264497, 0.03712871287128713, 0.017326732673267328, 0.03147100424328147, 0.015912305516265914, 0.04137199434229137, 0.042786421499292786, 0.04702970297029703, 0.03288543140028288, 0.05268741159830269, 0.07531824611032532, 0.08804809052333805, 0.05268741159830269, 0.0838048090523338, 0.08804809052333805, 0.11209335219236209, 0.05834512022630835, 0.09512022630834512], ""Admit"": [0.4985945099024431, 0.501405490097557], ""TOEFL Score_cat"": [0.007779349363507777, 0.023338048090523335, 0.05728429985855727, 0.0799151343705799, 0.09971711456859969, 0.058698727015558685, 0.13366336633663364, 0.17892503536067889, 0.2411598302687411, 0.1195190947666195], ""CGPA_cat"": [0.013515637278013514, 0.04321860757504322, 0.07009272355807009, 0.09555241238409554, 0.09838126669809837, 0.08565142228508565, 0.20446330347320443, 0.23275184661323273, 0.15637278013515638], ""Research"": [0.2454031117397454, 0.7545968882602546], ""SOP"": [0.00502907433600503, 0.02907433600502908, 0.04746188904604747, 0.07433600502907435, 0.0884802765990885, 0.11111111111111113, 0.24831054534024832, 0.26669809838126673, 0.12949866415212952], ""LOR "": [0.0022002200220022, 0.014930064435014928, 0.04887631620304887, 0.053119597674053116, 0.11676881973911676, 0.15778720729215778, 0.18607575043218605, 0.22709413798522707, 0.19314788621719312], ""University Rating"": [0.03818953323903819, 0.1371994342291372, 0.18953323903818953, 0.3338048090523338, 0.3012729844413013]}","{""0"": {""precision"": 0.90625, ""recall"": 0.9886363636363636, ""f1-score"": 0.9456521739130435, ""support"": 88.0}, ""1"": {""precision"": 0.75, ""recall"": 0.25, ""f1-score"": 0.375, ""support"": 12.0}, ""accuracy"": 0.9, ""macro avg"": {""precision"": 0.828125, ""recall"": 0.6193181818181819, ""f1-score"": 0.6603260869565217, ""support"": 100.0}, ""weighted avg"": {""precision"": 0.8875, ""recall"": 0.9, ""f1-score"": 0.8771739130434782, ""support"": 100.0}}"
20,10,5,0.92,0.7026515151515151,0.5555555555555556,Fully Connected BN with SMOTE,"[[""GRE Score_cat"", ""Admit""], [""TOEFL Score_cat"", ""Admit""], [""CGPA_cat"", ""Admit""], [""Research"", ""Admit""], [""SOP"", ""Admit""], [""LOR "", ""Admit""], [""University Rating"", ""Admit""]]","{""GRE Score_cat"": [0.0031824611032531826, 0.010254596888260255, 0.014497878359264497, 0.03712871287128713, 0.017326732673267328, 0.03147100424328147, 0.015912305516265914, 0.04137199434229137, 0.042786421499292786, 0.04702970297029703, 0.03288543140028288, 0.051272984441301274, 0.07814710042432815, 0.08663366336633663, 0.05268741159830269, 0.08239038189533239, 0.09087694483734088, 0.11633663366336634, 0.05551626591230552, 0.09229137199434229], ""Admit"": [0.4979097699886562, 0.5020902300113438], ""TOEFL Score_cat"": [0.007779349363507779, 0.02333804809052334, 0.057284299858557285, 0.07991513437057991, 0.09971711456859972, 0.0586987270155587, 0.1364922206506365, 0.17326732673267325, 0.2340876944837341, 0.12942008486562942], ""CGPA_cat"": [0.014144271570014143, 0.11315417256011315, 0.19377652050919378, 0.314002828854314, 0.3649222065063649], ""Research"": [0.2454031117397454, 0.7545968882602546], ""SOP"": [0.005029074336005029, 0.029074336005029074, 0.04746188904604746, 0.07433600502907434, 0.09130913091309131, 0.10828225679710828, 0.2582115354392582, 0.24548169102624545, 0.1408140814081408], ""LOR "": [0.0022002200220022, 0.014930064435014928, 0.04887631620304887, 0.053119597674053116, 0.11676881973911676, 0.1592016344491592, 0.18890460474618886, 0.22709413798522707, 0.18890460474618886], ""University Rating"": [0.03818953323903819, 0.1371994342291372, 0.18953323903818953, 0.32956152758132956, 0.3055162659123055]}","{""0"": {""precision"": 0.925531914893617, ""recall"": 0.9886363636363636, ""f1-score"": 0.9560439560439561, ""support"": 88.0}, ""1"": {""precision"": 0.8333333333333334, ""recall"": 0.4166666666666667, ""f1-score"": 0.5555555555555556, ""support"": 12.0}, ""accuracy"": 0.92, ""macro avg"": {""precision"": 0.8794326241134751, ""recall"": 0.7026515151515151, ""f1-score"": 0.7557997557997558, ""support"": 100.0}, ""weighted avg"": {""precision"": 0.9144680851063829, ""recall"": 0.92, ""f1-score"": 0.907985347985348, ""support"": 100.0}}"
20,10,3,0.93,0.7443181818181819,0.631578947368421,Fully Connected BN with SMOTE,"[[""GRE Score_cat"", ""Admit""], [""TOEFL Score_cat"", ""Admit""], [""CGPA_cat"", ""Admit""], [""Research"", ""Admit""], [""SOP"", ""Admit""], [""LOR "", ""Admit""], [""University Rating"", ""Admit""]]","{""GRE Score_cat"": [0.003182461103253183, 0.010254596888260257, 0.014497878359264499, 0.037128712871287134, 0.01732673267326733, 0.031471004243281475, 0.015912305516265917, 0.04137199434229138, 0.04278642149929279, 0.04702970297029704, 0.03288543140028289, 0.049858557284299866, 0.0823903818953324, 0.0823903818953324, 0.055516265912305525, 0.08663366336633664, 0.09087694483734089, 0.10926449787835928, 0.04561527581329562, 0.10360678925035362], ""Admit"": [0.4970119227431144, 0.5029880772568857], ""TOEFL Score_cat"": [0.00777934936350778, 0.023338048090523342, 0.05728429985855729, 0.07991513437057993, 0.09971711456859973, 0.058698727015558706, 0.14214992927864217, 0.15912305516265915, 0.25388967468175394, 0.11810466760961812], ""CGPA_cat"": [0.06459217350306459, 0.31636020744931637, 0.6190476190476191], ""Research"": [0.2454031117397454, 0.7545968882602546], ""SOP"": [0.00502907433600503, 0.02907433600502908, 0.04746188904604747, 0.07433600502907435, 0.0898947037560899, 0.10969668395410971, 0.25113939965425114, 0.253968253968254, 0.13939965425113943], ""LOR "": [0.0022002200220022, 0.014930064435014928, 0.04887631620304887, 0.053119597674053116, 0.11676881973911676, 0.16061606160616063, 0.1705170517051705, 0.23699512808423695, 0.19597674053119593], ""University Rating"": [0.03818953323903819, 0.1371994342291372, 0.18953323903818953, 0.31541725601131543, 0.31966053748231965]}","{""0"": {""precision"": 0.9354838709677419, ""recall"": 0.9886363636363636, ""f1-score"": 0.9613259668508287, ""support"": 88.0}, ""1"": {""precision"": 0.8571428571428571, ""recall"": 0.5, ""f1-score"": 0.631578947368421, ""support"": 12.0}, ""accuracy"": 0.93, ""macro avg"": {""precision"": 0.8963133640552995, ""recall"": 0.7443181818181819, ""f1-score"": 0.7964524571096249, ""support"": 100.0}, ""weighted avg"": {""precision"": 0.9260829493087556, ""recall"": 0.93, ""f1-score"": 0.9217563245129398, ""support"": 100.0}}"
20,20,10,0.89,0.5416666666666666,0.15384615384615385,Fully Connected BN with SMOTE,"[[""GRE Score_cat"", ""Admit""], [""TOEFL Score_cat"", ""Admit""], [""CGPA_cat"", ""Admit""], [""Research"", ""Admit""], [""SOP"", ""Admit""], [""LOR "", ""Admit""], [""University Rating"", ""Admit""]]","{""GRE Score_cat"": [0.0031824611032531826, 0.010254596888260255, 0.014497878359264497, 0.03712871287128713, 0.017326732673267328, 0.03147100424328147, 0.015912305516265914, 0.04137199434229137, 0.042786421499292786, 0.04702970297029703, 0.03288543140028288, 0.04985855728429986, 0.07956152758132956, 0.09512022630834512, 0.0442008486562942, 0.08946251768033946, 0.09653465346534654, 0.11492220650636492, 0.0724893917963225, 0.064002828854314], ""Admit"": [0.4990606609769742, 0.5009393390230258], ""TOEFL Score_cat"": [0.004596888260254597, 0.0031824611032531826, 0.013083451202263084, 0.010254596888260255, 0.028642149929278642, 0.028642149929278642, 0.022984441301272984, 0.05693069306930693, 0.028642149929278642, 0.07107496463932107, 0.03288543140028288, 0.025813295615275813, 0.07673267326732673, 0.05834512022630835, 0.11067892503536068, 0.05975954738330976, 0.06683168316831684, 0.15735502121640735, 0.07673267326732673, 0.06683168316831684], ""CGPA_cat"": [0.013515637278013514, 0.04321860757504322, 0.07009272355807009, 0.09555241238409554, 0.09838126669809837, 0.08565142228508565, 0.2129498664152129, 0.261040389753261, 0.1195976740531196], ""Research"": [0.2454031117397454, 0.7545968882602546], ""SOP"": [0.00502907433600503, 0.02907433600502908, 0.04746188904604747, 0.07433600502907435, 0.09130913091309133, 0.10686782964010688, 0.25962596259625964, 0.24831054534024832, 0.13798522709413802], ""LOR "": [0.0022002200220022, 0.014930064435014928, 0.04887631620304887, 0.053119597674053116, 0.11676881973911676, 0.1592016344491592, 0.19456231337419452, 0.2426528367122426, 0.1676881973911677], ""University Rating"": [0.03818953323903819, 0.1371994342291372, 0.18953323903818953, 0.3521923620933522, 0.2828854314002829]}","{""0"": {""precision"": 0.8888888888888888, ""recall"": 1.0, ""f1-score"": 0.9411764705882353, ""support"": 88.0}, ""1"": {""precision"": 1.0, ""recall"": 0.08333333333333333, ""f1-score"": 0.15384615384615385, ""support"": 12.0}, ""accuracy"": 0.89, ""macro avg"": {""precision"": 0.9444444444444444, ""recall"": 0.5416666666666666, ""f1-score"": 0.5475113122171946, ""support"": 100.0}, ""weighted avg"": {""precision"": 0.9022222222222221, ""recall"": 0.89, ""f1-score"": 0.8466968325791855, ""support"": 100.0}}"
20,20,5,0.91,0.625,0.4,Fully Connected BN with SMOTE,"[[""GRE Score_cat"", ""Admit""], [""TOEFL Score_cat"", ""Admit""], [""CGPA_cat"", ""Admit""], [""Research"", ""Admit""], [""SOP"", ""Admit""], [""LOR "", ""Admit""], [""University Rating"", ""Admit""]]","{""GRE Score_cat"": [0.003182461103253183, 0.010254596888260257, 0.014497878359264499, 0.037128712871287134, 0.01732673267326733, 0.031471004243281475, 0.015912305516265917, 0.04137199434229138, 0.04278642149929279, 0.04702970297029704, 0.03288543140028289, 0.049858557284299866, 0.07390381895332392, 0.10219236209335221, 0.04137199434229138, 0.07814710042432817, 0.10926449787835928, 0.09936350777934938, 0.06541725601131543, 0.08663366336633664], ""Admit"": [0.49875234086849507, 0.5012476591315049], ""TOEFL Score_cat"": [0.004596888260254598, 0.003182461103253183, 0.013083451202263086, 0.010254596888260257, 0.028642149929278646, 0.028642149929278646, 0.022984441301272987, 0.05693069306930694, 0.028642149929278646, 0.07107496463932109, 0.03288543140028289, 0.025813295615275816, 0.07531824611032534, 0.06541725601131543, 0.1106789250353607, 0.05975954738330977, 0.07107496463932109, 0.13613861386138618, 0.09653465346534655, 0.058345120226308354], ""CGPA_cat"": [0.014144271570014143, 0.11315417256011315, 0.19377652050919378, 0.31824611032531824, 0.3606789250353607], ""Research"": [0.2454031117397454, 0.7545968882602546], ""SOP"": [0.00502907433600503, 0.02907433600502908, 0.04746188904604747, 0.07433600502907435, 0.09130913091309133, 0.10686782964010688, 0.26104038975326105, 0.25113939965425114, 0.13374194562313377], ""LOR "": [0.0022002200220022, 0.014930064435014928, 0.04887631620304887, 0.053119597674053116, 0.11676881973911676, 0.16485934307716485, 0.179003614647179, 0.2497249724972497, 0.1705170517051705], ""University Rating"": [0.03818953323903819, 0.1371994342291372, 0.18953323903818953, 0.3408769448373409, 0.2942008486562942]}","{""0"": {""precision"": 0.9072164948453608, ""recall"": 1.0, ""f1-score"": 0.9513513513513514, ""support"": 88.0}, ""1"": {""precision"": 1.0, ""recall"": 0.25, ""f1-score"": 0.4, ""support"": 12.0}, ""accuracy"": 0.91, ""macro avg"": {""precision"": 0.9536082474226804, ""recall"": 0.625, ""f1-score"": 0.6756756756756757, ""support"": 100.0}, ""weighted avg"": {""precision"": 0.9183505154639175, ""recall"": 0.91, ""f1-score"": 0.8851891891891891, ""support"": 100.0}}"
20,20,3,0.93,0.7083333333333334,0.5882352941176471,Fully Connected BN with SMOTE,"[[""GRE Score_cat"", ""Admit""], [""TOEFL Score_cat"", ""Admit""], [""CGPA_cat"", ""Admit""], [""Research"", ""Admit""], [""SOP"", ""Admit""], [""LOR "", ""Admit""], [""University Rating"", ""Admit""]]","{""GRE Score_cat"": [0.0031824611032531826, 0.010254596888260255, 0.014497878359264497, 0.03712871287128713, 0.017326732673267328, 0.03147100424328147, 0.015912305516265914, 0.04137199434229137, 0.042786421499292786, 0.04702970297029703, 0.03288543140028288, 0.04985855728429986, 0.07531824611032532, 0.09936350777934937, 0.042786421499292786, 0.09087694483734088, 0.10502121640735503, 0.08663366336633663, 0.07531824611032532, 0.08097595473833098], ""Admit"": [0.4983402441080496, 0.5016597558919503], ""TOEFL Score_cat"": [0.004596888260254597, 0.0031824611032531826, 0.013083451202263084, 0.010254596888260255, 0.028642149929278642, 0.028642149929278642, 0.022984441301272984, 0.05693069306930693, 0.028642149929278642, 0.07107496463932107, 0.03288543140028288, 0.025813295615275813, 0.07531824611032532, 0.06683168316831684, 0.10077793493635077, 0.06683168316831684, 0.06541725601131541, 0.14603960396039603, 0.10077793493635077, 0.051272984441301274], ""CGPA_cat"": [0.06459217350306459, 0.31636020744931637, 0.6190476190476191], ""Research"": [0.2454031117397454, 0.7545968882602546], ""SOP"": [0.00502907433600503, 0.02907433600502908, 0.04746188904604747, 0.07433600502907435, 0.09130913091309133, 0.10686782964010688, 0.2652836712242653, 0.25113939965425114, 0.12949866415212952], ""LOR "": [0.0022002200220022, 0.014930064435014928, 0.04887631620304887, 0.053119597674053116, 0.11676881973911676, 0.16203048876316203, 0.19173345906019168, 0.23699512808423695, 0.17334590601917335], ""University Rating"": [0.03818953323903819, 0.1371994342291372, 0.18953323903818953, 0.3422913719943423, 0.2927864214992928]}","{""0"": {""precision"": 0.9263157894736842, ""recall"": 1.0, ""f1-score"": 0.9617486338797814, ""support"": 88.0}, ""1"": {""precision"": 1.0, ""recall"": 0.4166666666666667, ""f1-score"": 0.5882352941176471, ""support"": 12.0}, ""accuracy"": 0.93, ""macro avg"": {""precision"": 0.9631578947368421, ""recall"": 0.7083333333333334, ""f1-score"": 0.7749919639987142, ""support"": 100.0}, ""weighted avg"": {""precision"": 0.9351578947368421, ""recall"": 0.93, ""f1-score"": 0.9169270331083252, ""support"": 100.0}}"
